Sport-100 Helmet, Blue,711,Blue,34.99,13.0863
Classic Vest, S,864,Blue,63.5,23.749
Classic Vest, M,865,Blue,63.5,23.749
Classic Vest, L,866,Blue,63.5,23.749
HL Touring Frame - Blue, 46,890,Blue,1003.91,601.7437
HL Touring Frame - Blue, 50,891,Blue,1003.91,601.7437
HL Touring Frame - Blue, 54,892,Blue,1003.91,601.7437
HL Touring Frame - Blue, 60,893,Blue,1003.91,601.7437
LL Touring Frame - Blue, 50,895,Blue,333.42,199.8519
LL Touring Frame - Blue, 54,896,Blue,333.42,199.8519
LL Touring Frame - Blue, 58,897,Blue,333.42,199.8519
LL Touring Frame - Blue, 62,898,Blue,333.42,199.8519
LL Touring Frame - Blue, 44,903,Blue,333.42,199.8519
Touring-2000 Blue, 60,953,Blue,1214.85,755.1508
Touring-3000 Blue, 54,958,Blue,742.35,461.4448
Touring-3000 Blue, 58,959,Blue,742.35,461.4448
Touring-3000 Blue, 62,960,Blue,742.35,461.4448
Touring-1000 Blue, 46,966,Blue,2384.07,1481.9379
Touring-1000 Blue, 50,967,Blue,2384.07,1481.9379
Touring-1000 Blue, 54,968,Blue,2384.07,1481.9379
Touring-1000 Blue, 60,969,Blue,2384.07,1481.9379
Touring-2000 Blue, 46,970,Blue,1214.85,755.1508
Touring-2000 Blue, 50,971,Blue,1214.85,755.1508
Touring-2000 Blue, 54,972,Blue,1214.85,755.1508
Touring-3000 Blue, 44,978,Blue,742.35,461.4448
Touring-3000 Blue, 50,979,Blue,742.35,461.4448
